x,y,velocity,confidence,distance
5.3519554,1.6655309,14.75,53.131138,5.6051245
